doc,axis
zen22886178,G3
zen22904595,G6
zen22933883,G1
zen22935043,G1
zen22935043,G4
zen22935043,G6
zen22941164,G4
zen22945279,G1
zen22945279,G3
zen22945279,G4
zen22945279,G6
zen23005202,G1
zen23047544,G4
zen23050542,G1
zen23075657,G1
zen23088660,G4
zen23088660,G6
zen23094322,G7
zen23094628,G3
zen23094628,G4
zen23094628,G6
zen23119392,G4
zen23154999,G1
zen23154999,G6
zen23179064,G3
zen23179064,G4
zen23179064,G7
zen23186353,G3
zen23186353,G4
zen23186353,G6
zen23189584,G5
zen23200782,G6
zen23221456,G4
zen23225893,G3
zen23225893,G4
zen23225893,G6
