rule,f,k,p_audit,reps,honest_fill,honest_fill_ci,efficiency,efficiency_ci
R1,0.0,2.0,0.5,400,0.6,0.0,1.0,0.0
R2,0.0,2.0,0.5,400,0.81034,0.00155,1.0,0.0
R3,0.0,2.0,0.5,400,0.81034,0.00155,1.0,0.0
R1,0.1,2.0,0.5,400,0.54585,0.00127,0.98589,0.00015
R2,0.1,2.0,0.5,400,0.80142,0.00171,0.98089,0.00059
R3,0.1,2.0,0.5,400,0.80564,0.00173,0.99003,0.00046
R1,0.2,2.0,0.5,400,0.49973,0.00146,0.99688,0.00039
R2,0.2,2.0,0.5,400,0.79288,0.00191,0.96402,0.00086
R3,0.2,2.0,0.5,400,0.80074,0.00189,0.98063,0.00065
R1,0.3,2.0,0.5,400,0.46083,0.00158,0.99998,2e-05
R2,0.3,2.0,0.5,400,0.78742,0.00208,0.94913,0.001
R3,0.3,2.0,0.5,400,0.79849,0.00205,0.97228,0.00074
R1,0.4,2.0,0.5,400,0.42938,0.00143,1.0,0.0
R2,0.4,2.0,0.5,400,0.77754,0.00221,0.93497,0.00102
R3,0.4,2.0,0.5,400,0.79158,0.00219,0.96376,0.00081
R1,0.5,2.0,0.5,400,0.40059,0.00128,1.0,0.0
R2,0.5,2.0,0.5,400,0.77255,0.00238,0.92224,0.00111
R3,0.5,2.0,0.5,400,0.78934,0.00234,0.95628,0.00087
