rule,f,k,p_audit,honest_fill,honest_fill_ci,efficiency,efficiency_ci
R1,0.3,1.5,0.2,0.5209,0.00143,1.0,0.0
R2,0.3,1.5,0.2,0.79397,0.00293,0.96268,0.00086
R3,0.3,1.5,0.2,0.79734,0.0029,0.96973,0.00079
R1,0.3,1.5,0.5,0.52082,0.0013,1.0,0.0
R2,0.3,1.5,0.5,0.79365,0.00289,0.9625,0.00093
R3,0.3,1.5,0.5,0.80191,0.00286,0.98006,0.00072
R1,0.3,1.5,0.8,0.5227,0.00133,1.0,0.0
R2,0.3,1.5,0.8,0.79303,0.00251,0.96332,0.00089
R3,0.3,1.5,0.8,0.80667,0.00248,0.99223,0.00045
R1,0.3,2.0,0.2,0.46224,0.00204,0.99998,3e-05
R2,0.3,2.0,0.2,0.7857,0.0029,0.94936,0.00115
R3,0.3,2.0,0.2,0.79033,0.00288,0.95888,0.00105
R1,0.3,2.0,0.5,0.46142,0.00226,0.99998,3e-05
R2,0.3,2.0,0.5,0.78617,0.00297,0.94968,0.00139
R3,0.3,2.0,0.5,0.79741,0.00293,0.9731,0.00104
R1,0.3,2.0,0.8,0.46197,0.00223,0.99999,2e-05
R2,0.3,2.0,0.8,0.78639,0.00276,0.94807,0.00127
R3,0.3,2.0,0.8,0.80518,0.00272,0.98757,0.00074
R1,0.3,3.0,0.2,0.37607,0.0029,0.94042,0.00305
R2,0.3,3.0,0.2,0.77651,0.0031,0.93918,0.00162
R3,0.3,3.0,0.2,0.78157,0.00308,0.94943,0.00154
R1,0.3,3.0,0.5,0.37779,0.00289,0.93834,0.00292
R2,0.3,3.0,0.5,0.78187,0.00269,0.93783,0.00162
R3,0.3,3.0,0.5,0.79534,0.00266,0.96571,0.00137
R1,0.3,3.0,0.8,0.37717,0.00294,0.9393,0.00308
R2,0.3,3.0,0.8,0.77854,0.00281,0.93947,0.00172
R3,0.3,3.0,0.8,0.80102,0.00273,0.98616,0.0009
