rule,rho,n,mu,benign_rejected,harmful_passed
any,0.0,1,2.0,0.1,0.23624
any,0.0,2,2.0,0.1,0.12711
any,0.0,3,2.0,0.1,0.07835
any,0.0,5,2.0,0.1,0.03607
any,0.0,7,2.0,0.1,0.01911
any,0.5,1,2.0,0.1,0.23624
any,0.5,2,2.0,0.1,0.18513
any,0.5,3,2.0,0.1,0.16347
any,0.5,5,2.0,0.1,0.14284
any,0.5,7,2.0,0.1,0.13239
any,0.9,1,2.0,0.1,0.23624
any,0.9,2,2.0,0.1,0.22643
any,0.9,3,2.0,0.1,0.22257
any,0.9,5,2.0,0.1,0.21899
any,0.9,7,2.0,0.1,0.21719
mean,0.0,1,2.0,0.1,0.23624
mean,0.0,2,2.0,0.1,0.06095
mean,0.0,3,2.0,0.1,0.01453
mean,0.0,5,2.0,0.1,0.00071
mean,0.0,7,2.0,0.1,3e-05
mean,0.5,1,2.0,0.1,0.23624
mean,0.5,2,2.0,0.1,0.15201
mean,0.5,3,2.0,0.1,0.12142
mean,0.5,5,2.0,0.1,0.09673
mean,0.5,7,2.0,0.1,0.08625
mean,0.9,1,2.0,0.1,0.23624
mean,0.9,2,2.0,0.1,0.22053
mean,0.9,3,2.0,0.1,0.21516
mean,0.9,5,2.0,0.1,0.21082
mean,0.9,7,2.0,0.1,0.20894
