doc,axis,first,second,resolved,note
arx02267,G1,Q,Q,Q,
arx02267,G3,Q,Q,Q,
arx02267,G4,Q,Q,Q,
arx02267,G6,Q,Q,Q,
arx02293,G1,Q,Q,Q,
arx02293,G3,Q,Q,Q,
arx02293,G4,Q,Q,Q,
arx02293,G6,Q,Q,Q,
arx02486,G3,Q,Q,Q,
arx02486,G4,Q,Q,Q,
arx02486,G6,Q,Q,Q,
arx02586,G3,N,N,N,
arx02586,G4,N,N,N,
arx02586,G6,N,N,N,
arx08829,G1,Q,Q,Q,
arx08829,G5,Q,Q,Q,
arx03073,G1,Q,Q,Q,
arx03073,G3,S,S,S,
arx03073,G4,Q,S,Q,Low in-domain ECE after security fine-tuning; general-transfer ECE 21.10% vs 4.19% init (App. H)
arx03324,G1,Q,Q,Q,
arx03324,G3,Q,Q,Q,
arx03324,G5,Q,Q,Q,
arx03324,G6,Q,Q,Q,
arx03324,G7,Q,S,S,"$0.033/1K, 336 ms vs $0.120-1.177, 844-1426 ms; 1.6 F1 below Sol, no training"
arx03387,G3,Q,Q,Q,
arx03387,G4,Q,Q,Q,
arx03387,G6,N,Q,Q,Gate thresholds fail 6/12 transfers; restored only by target recalibration (Sec. 3.1)
arx03935,G1,S,Q,S,"AgentHarm 84.54% vs 61.86-85.57% generative; level with best, no added condition"
arx03935,G4,Q,Q,Q,
arx03935,G7,Q,Q,Q,
arx04985,G1,Q,Q,Q,
arx04985,G2,N,N,N,
arx04985,G7,N,N,N,
arx05107,G4,Q,Q,Q,
arx05107,G6,Q,S,Q,"Agents beat System-2-only but zero escalation calls logged, delta unrecoverable (Table 8)"
arx06425,G4,Q,Q,Q,
arx06425,G5,Q,Q,Q,
arx06625,G3,Q,S,Q,"Order swap flips 8.8% of winners, bias -0.036; scale r=0.982; no comparator or criterion"
arx06625,G4,Q,Q,Q,
arx06625,G7,Q,Q,Q,
arx06744,G1,Q,N,N,Macro F1 0.705 below all generative (0.741-0.901); passes 128/201 harmless look-alikes
arx06744,G3,S,S,S,
arx06744,G4,Q,N,Q,"Guardrail ECE 0.158, 12.2% wrong at >=0.99; other tracks 0.025-0.084"
arx07177,G1,N,N,N,
arx07177,G3,Q,S,S,Order-flip 0.0002 vs 0.2188 generative; length shift -0.023 vs -0.217
arx07177,G4,Q,Q,Q,
arx07177,G6,N,N,N,
arx07327,G3,N,N,N,
arx07327,G4,N,N,N,
arx07327,G5,Q,Q,Q,
arx07327,G6,Q,Q,Q,
arx07716,G3,N,Q,Q,"Wording swings 26 pts, label-first -19.6 pts; shuffle <=0.6 pts, menu predictable"
arx07716,G4,Q,Q,Q,
arx07716,G6,Q,Q,Q,
arx07730,G4,Q,Q,Q,
arx07953,G1,Q,Q,Q,
arx07953,G3,Q,Q,Q,
arx07953,G4,Q,Q,Q,
arx07953,G6,Q,Q,Q,
arx08675,G1,Q,Q,Q,
arx08675,G3,Q,Q,Q,
arx08675,G6,Q,Q,Q,
arx08775,G1,Q,Q,Q,
arx08775,G7,Q,Q,Q,
arx09188,G3,Q,S,S,"Both-order agreement 94.8% vs 90.6% (TREC), 86.7% vs 72.0% (MS MARCO)"
arx09188,G4,S,S,S,
arx09188,G6,N,N,N,
arx09188,G7,Q,S,Q,"Cheap labels; reranker matches but chess +2.8 vs +16.7, Othello/Connect-4 weakened"
arx09328,G1,Q,Q,Q,
arx09328,G5,Q,Q,Q,
arx09683,G3,Q,N,N,Shuffle cuts accuracy for most typed models; collect bias 1.6-1.8x chance either order
arx09683,G4,Q,Q,Q,
arx09683,G6,Q,Q,Q,
arx09896,G4,Q,S,Q,Chip ECE 0.0032 needs target fine-tuning; JevBench ECE 0.163/0.358
arx09896,G7,Q,S,Q,"Faster, but JEV 678/5000 failures, 84.52% FFD; Chip needs task training"
arx09937,G1,N,N,N,
arx09937,G3,Q,Q,Q,
arx09937,G4,Q,Q,Q,
arx09937,G7,Q,S,Q,"0.19 s, $18.69 vs local 72B 2 s, data on site; needs recalibration and operator"
arx10321,G1,Q,Q,Q,
arx10321,G4,Q,Q,Q,
arx10321,G7,Q,Q,Q,
zen22886178,G3,Q,Q,Q,
zen22904595,G6,Q,Q,Q,
zen22933883,G1,Q,Q,Q,
zen22935043,G1,Q,Q,Q,
zen22935043,G4,Q,Q,Q,
zen22935043,G6,Q,Q,Q,
zen22941164,G4,Q,S,S,"ECE <=0.06 in-domain, <=0.10 out of domain, no recalibration; DONE threshold works"
zen22945279,G1,Q,Q,Q,
zen22945279,G3,S,S,S,
zen22945279,G4,Q,Q,Q,
zen22945279,G6,Q,Q,Q,
zen23005202,G1,Q,S,S,"Mean 83.6/84.2 vs 85.6/84.8 frontier LLMs on five benchmarks, no training"
zen23047544,G4,S,S,S,
zen23050542,G1,Q,S,Q,"AUC 0.9827 > TITAN-SR, but untuned threshold >=99% recall in 16/22 reviews only"
zen23075657,G1,Q,Q,Q,
zen23088660,G4,Q,S,Q,"Every band underconfident (0.60-0.70 band right 74.5-82.6%); conservative, not calibrated"
zen23088660,G6,S,S,S,
zen23154999,G1,Q,Q,Q,
zen23154999,G6,Q,Q,Q,
zen23094322,G7,Q,Q,Q,
zen23094628,G3,Q,Q,Q,
zen23094628,G4,Q,Q,Q,
zen23094628,G6,Q,Q,Q,
zen23119392,G4,Q,Q,Q,
zen23179064,G3,Q,Q,Q,
zen23179064,G4,Q,Q,Q,
zen23179064,G7,Q,Q,Q,
zen23186353,G3,Q,Q,Q,
zen23186353,G4,Q,Q,Q,
zen23186353,G6,Q,Q,Q,
zen23189584,G5,Q,Q,Q,
zen23200782,G6,Q,Q,Q,
zen23221456,G4,Q,N,N,"ECE 0.21, Brier 0.283 worse than constant; only generative Qwen beats constant"
zen23225893,G3,Q,Q,Q,
zen23225893,G4,Q,Q,Q,
zen23225893,G6,Q,Q,Q,
